Id,Cor,Hex
1,MAP BS 01,
2,MAP BS 02,
3,MAP BS 03,
4,MAP BS 04,
5,MAP BS 05,
6,MAP BS 06,
7,MAP BS 07,
8,MAP BS 08,
9,MAP BS 09,
10,MAP BS 10,
11,MAP BS 11,
12,MAP BS 12,
13,MAP BS 13,
14,MAP BS 14,
15,MAP BS 15,
16,MAP BS 16,
17,MAP BS 17,
18,MAP BS 18,
19,MAP BS 19,
20,MAP BS 20,
21,MAP BS 21,
22,MAP BS 22,
23,MAP BS 23,
24,MAP BS 24,
25,MAP BS 25,
26,MAP BS 26,
27,MAP BS 27,
28,MAP BS 28,
29,MAP BS 29,
30,MAP BS 30,
31,MAP BT 01,
32,MAP BT 02,
33,MAP BT 03,
34,MAP BT 04,
35,MAP BT 05,
36,MAP BT 06,
37,MAP BT 07,
38,MAP BT 08,
39,MAP BT 09,
40,MAP BT 10,
41,MAP BT 11,
42,MAP BT 12,
43,MAP BT 13,
44,MAP BT 14,
45,Teste Gustavo Remover,